emp_no,birth_date,first_name,last_name,hire_date,city,phone,salary,dept_no,dept_name,from_date,to_date,title
1,09/12/19,Violet,Barber,02/04/21,Feltre,6069673,90062,U5Z,Non Lorem Vitae LLC,10/09/19,27/08/19,Bosnia and Herzegovina
2,07/12/19,Calista,Wynn,29/01/21,Maunath Bhanjan,3964214,10884,Z9S,Augue Corporation,15/03/20,27/03/20,Honduras
3,17/04/20,Michelle,Lang,12/05/21,Cumbernauld,5670777,13236,F0F,Lorem Fringilla Company,09/05/21,19/10/20,Isle of Man
4,21/05/20,Ryan,Kelly,14/08/20,Sainte-Flavie,3080731,67314,L3E,Convallis Erat Eget PC,14/12/19,14/09/20,Barbados
5,26/02/20,Xander,Witt,20/04/20,Penna in Teverina,1129670,57320,Y6W,Etiam Vestibulum Company,13/07/20,17/04/21,Montenegro
6,09/11/19,Hilary,Kirk,24/03/21,Uikhoven,6015463,66377,C8G,Posuere PC,28/05/21,13/10/19,Turkmenistan
7,11/02/21,Ethan,Kline,17/05/21,San Maurizio Canavese,1338743180,27757,X0A,Lorem Consulting,23/02/21,14/05/20,Virgin Islands
8,25/01/20,Anthony,Riley,15/11/19,Charny,3860607,43094,A4I,Cubilia Inc.,31/07/19,08/09/19,Israel
9,05/09/20,Buckminster,Cohen,13/07/19,Duitama,8901813,72402,C8J,Tellus Foundation,09/10/20,30/07/20,French Guiana
10,21/04/21,Josiah,Hampton,18/08/19,Naro-Fominsk,7728699,95181,Q4K,Suspendisse Industries,18/04/21,30/03/20,Isle of Man
11,03/01/20,Evangeline,Cleveland,11/04/21,Swat,8424708867,18627,K9Z,Tellus Justo Sit Associates,17/08/19,05/03/21,Pitcairn Islands
12,29/07/20,Aladdin,Duffy,04/10/19,Cardedu,2847514251,52670,S9A,Turpis Egestas Industries,28/01/21,08/07/19,Somalia
13,07/04/21,Raymond,Joyner,12/04/21,Bellevue,3762911,63318,D2I,Porttitor Eros Inc.,28/04/20,18/03/21,Ireland
14,09/08/19,Clayton,Gilmore,16/05/20,Kearney,8446825602,96319,R2X,Phasellus Fermentum Convallis Company,03/05/21,02/04/21,Macao
15,18/12/20,Mannix,Klein,18/10/19,Maracalagonis,4341451036,42062,S3Y,Rhoncus Incorporated,30/04/20,28/06/21,Liechtenstein
16,01/08/20,Quamar,Summers,02/05/21,Vizianagaram,4172007890,85619,E1F,Pede PC,16/10/20,12/11/20,Denmark
17,01/03/21,Ciaran,Flynn,28/07/19,Tuglie,2538038827,77945,V3U,Sed Eu Eros Limited,02/04/20,05/09/19,Tajikistan
18,03/01/21,Wyoming,Mccoy,29/09/20,Viggianello,4523591795,32776,Y5T,Nunc Incorporated,28/11/20,19/10/20,Libya
19,15/09/20,Chancellor,Doyle,25/01/20,Huechuraba,4066760,87816,W3Q,Ridiculus Mus Aenean PC,29/07/20,05/01/20,Bolivia
20,17/11/20,Nissim,Burton,28/07/19,Gouda,7132020526,61418,B2K,Massa PC,26/01/20,29/11/19,Saint Martin
21,01/02/20,Maile,Gillespie,25/06/20,El Tambo,7299869,68398,T1Q,Quisque Ornare Consulting,17/02/20,04/02/21,Tanzania
22,13/09/20,Tanisha,Meadows,10/06/20,Nashik,7805309469,79758,R1E,Nulla Consulting,07/03/20,14/01/21,Lithuania
23,31/01/20,Tallulah,Berry,08/03/20,Dannevirke,1846488,71310,J9J,Sed Malesuada Augue Foundation,31/07/19,17/06/21,Estonia
24,27/01/21,Reed,Valentine,30/05/20,Venezia,2389935,67947,J3U,Enim Incorporated,15/05/21,26/10/20,Gabon
25,02/04/20,Shaine,Blackwell,18/05/21,Tulita,7723287713,42152,N9R,Porta Elit LLC,02/08/19,24/09/20,Madagascar
26,30/03/21,Thane,Powell,24/05/21,Kayseri,1688558820,42617,J8O,Tristique Corporation,03/02/21,08/10/20,Senegal
27,13/08/20,Brianna,Mckee,17/09/19,Chimay,7960581,40272,N0S,Lorem LLC,19/07/20,06/06/21,Saint Kitts and Nevis
28,11/06/20,Giselle,Green,07/10/19,Medio Atrato,6422407428,79404,J2X,Pede Nonummy Foundation,17/06/20,03/01/21,Morocco
29,13/11/19,Silas,Hunt,26/03/21,Castanhal,4189410203,38592,G8Y,Feugiat Non LLC,08/01/21,20/03/20,Ecuador
30,15/08/20,Gabriel,Hurley,08/03/20,Cartagena,5093960,76048,Y7I,Erat Sed Consulting,03/12/20,21/06/21,Comoros
31,07/01/20,Valentine,Robbins,25/01/20,Dawson Creek,1255161,57622,F3Y,Natoque Penatibus Associates,15/02/20,17/05/21,Montserrat
32,13/12/19,Martina,Bowman,08/07/20,Strausberg,5932523188,97439,A6S,Ante Ipsum Ltd,06/02/21,18/05/20,Madagascar
33,02/03/21,Reuben,Richardson,18/07/19,Oudenaken,2123321,33938,A3K,Pellentesque Corp.,17/07/19,22/03/21,Nicaragua
34,16/12/19,Abdul,Rowland,14/12/19,Samsun,2245324,66354,Z7C,Fusce Mi PC,09/04/21,17/03/21,Brunei
35,25/06/20,Jocelyn,Daugherty,13/11/20,Calice al Cornoviglio,3407634,11188,I6X,At Ltd,07/04/21,07/11/19,Gibraltar
36,09/12/19,Cheryl,Wooten,09/06/21,Altavilla Irpina,3631031,17114,Z9E,Gravida Inc.,12/02/21,05/05/20,Hong Kong
37,27/06/21,Bernard,Langley,03/08/19,Palakkad,7549608733,26213,K5O,Et Nunc LLP,26/01/21,13/02/20,Mali
38,04/01/21,Lillith,Meyer,09/06/20,Beausejour,3001966976,58630,T5L,Sagittis PC,20/05/21,07/03/21,Korea South
39,05/02/21,Hope,Reilly,30/04/20,Güssing,6859927,93817,R8D,Eget Magna Suspendisse Corp.,27/04/21,16/07/20,Swaziland
40,02/09/19,Silas,Campos,19/10/20,Mount Isa,8679208856,11240,T0Q,Luctus Sit PC,11/03/21,22/02/21,Gambia
41,31/10/20,Maxwell,Vasquez,04/07/20,Serang,5533823001,30047,J0O,A Corp.,25/08/20,19/06/20,Saudi Arabia
42,09/09/20,Hermione,Munoz,01/06/21,Irricana,9070698,35935,K7S,Elit Dictum LLC,24/11/20,11/08/19,Malaysia
43,06/07/20,Sydnee,Sears,09/09/20,Preore,8944624,35313,Z1E,Accumsan Institute,07/09/19,18/12/20,Martinique
44,27/05/20,Thaddeus,Mclaughlin,19/08/19,Yangju,9695100325,40299,E4X,Eget Institute,11/11/20,22/07/19,Qatar
45,21/11/20,Kasimir,Morrow,11/01/21,Innsbruck,4666827464,71567,K6W,Est LLC,29/08/19,17/05/20,Martinique
46,05/05/20,Wynter,Underwood,11/11/20,Mytishchi,2071026,52563,V1Y,Egestas LLP,17/12/19,10/08/20,Dominica
47,27/07/20,Rhonda,Perkins,02/06/20,Hanau,5199381309,77381,B2P,Aliquam Institute,07/10/19,07/08/20,Argentina
48,23/02/20,Amir,Morrison,01/06/21,Trois-Rivières,5789255716,29568,T5Z,Metus Incorporated,08/06/21,22/12/20,Saint Barthlemy
49,28/02/20,Chaney,Little,24/03/21,Kasur,8705100201,11674,J3E,Euismod LLC,07/02/20,09/10/20,Sint Maarten
50,26/02/20,Kirk,Miranda,06/02/20,Ophain-Bois-Seigneur-Isaac,7387655784,51416,B7X,Nec Euismod Foundation,11/08/20,13/04/20,GuineaBissau
51,20/02/21,Barry,Torres,25/09/19,Hearst,7310854,90315,U2E,Consectetuer Associates,02/06/20,14/12/19,Czech Republic
52,23/06/20,Susan,Bradford,15/12/19,Mapiripana,8094287,95192,Z4H,Suspendisse Industries,16/12/20,05/10/20,Iran
53,15/05/20,Amery,Petty,27/10/20,Tofield,6024064866,75300,Z1Y,Facilisis Vitae Orci Foundation,22/10/19,18/11/20,Cayman Islands
54,03/10/19,Briar,Patrick,23/11/20,Ebenthal in Kärnten,2153723,21931,U3D,Ipsum Cursus Vestibulum LLC,20/03/21,15/09/19,Russian Federation
55,14/10/20,Katelyn,Keller,02/03/21,Nijlen,6597857684,40992,R8Y,Nunc Ullamcorper Velit Inc.,07/07/20,24/10/20,Kenya
56,24/10/20,Regan,Meadows,13/10/20,Tredegar,7414694,65490,P3Q,Natoque Penatibus LLP,24/03/20,14/12/20,Ukraine
57,31/08/19,Zeus,Craig,28/09/19,Zele,5958976210,18764,W8F,Sagittis Felis Foundation,23/10/19,04/04/21,South Sudan
58,28/07/20,Jasper,Santana,21/09/19,Colchester,7785026,85378,G1A,Et Magnis Dis PC,07/11/20,14/04/20,Saint Pierre and Miquelon
59,24/06/21,Maisie,Christian,02/08/19,Lonzee,3191915,17320,J8O,Ornare Corporation,14/07/19,20/02/21,Lithuania
60,22/10/20,Reagan,Rush,14/06/20,Lakeshore,7087883,88129,M2D,Faucibus LLP,13/01/20,27/04/20,Vanuatu
61,21/03/20,Jasmine,Neal,25/05/21,Canora,4073235597,22267,R8T,Tristique Neque PC,16/10/20,29/06/20,Ethiopia
62,17/09/20,Abraham,Campbell,16/05/20,Minturno,2371360717,46388,I8H,Enim Gravida Sit Corporation,10/08/19,14/04/20,Senegal
63,20/02/21,Hayfa,Sharp,04/10/19,Tongyeong,1545641,73091,H2I,Sagittis Felis Donec Institute,14/09/20,09/10/20,Central African Republic
64,29/04/21,Anthony,Small,18/01/20,Wichita,2338838,99149,Q0P,Posuere Ltd,09/06/21,29/07/20,Chile
65,10/01/21,Katell,Jimenez,23/01/20,Burnaby,4494701987,65567,E7Y,Etiam Laoreet LLP,26/05/21,04/10/20,Sierra Leone
66,01/04/21,Scott,Decker,21/03/21,Vollezele,4126762,77300,D2J,Aenean Massa Incorporated,20/05/21,28/12/19,El Salvador
67,03/02/21,Allistair,Mcdonald,07/01/20,Keumiee,9690523,72208,R6W,Nec Leo Morbi Institute,26/01/20,08/01/21,Slovakia
68,27/04/20,Lacey,Tucker,19/03/21,Launceston,5927286,98274,R6W,Elementum Company,30/09/20,25/03/20,Holy See
69,30/01/20,Prescott,Lindsey,02/02/20,Santa Rosa de Cabal,6624643563,54523,D2R,Ridiculus Mus Donec Ltd,05/05/21,28/09/19,Turks and Caicos Islands
70,06/06/20,Dorian,Robles,30/03/20,North Battleford,5876224,77280,U4I,Egestas A Industries,07/12/19,14/04/21,Austria
71,31/12/20,Kaseem,Pace,15/07/19,Sandy,8607842929,82566,W8M,Elementum Inc.,12/03/21,21/11/20,Haiti
72,28/12/19,Duncan,Mercer,01/09/19,Villafranca in Lunigiana,6736897,84097,F7P,Malesuada LLP,29/05/20,16/04/20,Morocco
73,24/06/21,Kamal,Nolan,05/07/21,Bhatpara,8771906622,66159,L8F,Pretium Incorporated,03/02/20,22/06/20,Saudi Arabia
74,29/09/20,Portia,Dunn,09/06/21,Port Lincoln,3964956,99632,U3C,Sem Foundation,12/09/19,11/03/21,Venezuela
75,05/04/21,Ramona,Harrison,10/05/20,Canmore,3576151,66104,Y5W,Quisque Varius Industries,20/06/21,03/07/21,Jersey
76,28/04/20,Gisela,Cline,12/06/20,Cobourg,5897440651,17841,N1Q,Sed Orci Lobortis Ltd,27/11/20,01/02/20,Slovenia
77,23/06/20,Yuli,Velasquez,11/01/20,Berloz,6877546922,56097,C9V,Venenatis Lacus Associates,03/11/19,28/04/21,Montserrat
78,07/05/20,Macey,Pickett,04/03/20,Montluçon,2512309125,78075,C5A,Ultrices Company,10/03/21,25/01/21,Iraq
79,08/12/19,Jenna,Barr,03/05/21,Launceston,5371581687,41473,C7U,Tempor Lorem Eget Associates,24/10/20,16/05/20,Taiwan
80,16/10/20,Kiayada,Griffin,03/12/19,Montreal,6747886393,98098,Z0D,Sed Limited,18/10/19,03/10/20,Panama
81,24/06/21,Jelani,Gonzales,07/02/20,Kapuskasing,8032151322,58848,T3F,Donec Feugiat Metus Corp.,13/08/19,21/05/21,Heard Island and Mcdonald Islands
82,18/02/20,Geoffrey,Kidd,09/09/20,Dunoon,9984955,66656,O2D,Vel Venenatis Vel Corp.,22/03/20,20/03/20,Isle of Man
83,20/06/20,Thor,Ross,21/01/20,Singkawang,3482406,34748,U0C,Fusce Aliquam Enim Industries,11/02/21,19/02/20,Malawi
84,16/10/20,Ignacia,Hendrix,10/10/20,Hijuelas,6509418,62101,P7Y,Ut Sem Company,09/11/19,31/01/21,India
85,19/12/20,Richard,Orr,25/03/21,Beuzet,1675552,15919,Q7P,Felis Ullamcorper Limited,01/04/20,27/01/21,Antarctica
86,09/12/19,Signe,Juarez,19/10/20,Stupino,8439439,46499,I9S,Quis Ltd,17/10/19,27/07/20,Bahrain
87,19/08/20,Igor,Blankenship,08/03/20,Mottola,2111242439,18123,X5Y,Nec Foundation,04/03/20,06/11/20,Bosnia and Herzegovina
88,13/04/21,Mark,Chandler,03/05/21,Municipal District,7412701,76540,H4O,Posuere Cubilia Curae; Consulting,08/06/21,11/11/19,Cameroon
89,28/12/19,Xaviera,Pitts,06/12/20,Mjölby,3754090460,25020,P8L,Eros Foundation,18/08/20,26/05/21,Korea North
90,04/01/20,Clark,York,30/10/20,Tobermory,1474172,68240,B2F,Curae; Phasellus Ornare Corp.,14/01/21,30/05/20,Burkina Faso
91,30/01/20,Shad,Burnett,23/04/21,Victoria,6395833,41747,P2L,Phasellus Institute,25/05/21,08/05/20,Guadeloupe
92,12/08/20,Kiona,Olson,10/09/19,Duncan,5397221149,57831,F3M,Metus Vitae PC,17/01/20,17/08/19,Gabon
93,17/09/20,Hasad,Baldwin,14/09/19,Dir,9252541,78430,M7E,Fringilla Inc.,17/11/19,02/03/21,British Indian Ocean Territory
94,06/05/21,Upton,Mcmahon,11/09/20,Brive-la-Gaillarde,6051195,19321,C3H,Risus Incorporated,06/05/21,18/10/20,Solomon Islands
95,13/08/20,Meredith,Buckley,28/02/21,Angoulême,3169598794,64076,R2P,Rhoncus Donec Foundation,18/03/21,23/10/20,Pakistan
96,23/05/21,Ulla,Good,05/04/21,Vishakhapatnam,9633245723,78446,X5N,A Institute,26/11/20,26/01/20,Austria
97,15/11/20,Lucian,Osborn,03/03/20,Dunfermline,9499009,78509,G4K,Gravida Foundation,16/02/20,08/04/21,Malta
98,19/07/19,Hakeem,Bryant,12/02/20,Söke,2203757117,87092,Z3D,Eleifend Industries,24/06/20,25/04/21,Costa Rica
99,06/07/20,Daryl,Morris,13/10/19,Faisalabad,3115156,73780,S7F,Aliquam Rutrum Lorem Institute,17/04/20,23/11/19,Ecuador
100,14/10/20,Kirsten,Charles,02/07/20,Clydebank,6210218,44388,H6M,Ipsum PC,27/04/21,20/03/20,Mauritania