Id,Name,Phone,Email,Date,Company,City,Description,Postal,Salary
1,Ryan Parrish,1-275-286-1892,Quisque.purus.sapien@semPellentesqueut.org,12/05/20,Eu Erat Corporation,Recife,sed turpis nec mauris blandit mattis. Cras eget nisi dictum,97546,36 601
2,Irene Cooke,156-7106,diam.Sed.diam@tempusmauriserat.net,10/12/20,Eu Limited,Roselies,vehicula aliquet libero.,Z9378,97 309
3,Alfreda Walters,455-1834,eget.mollis@liberoMorbiaccumsan.net,30/04/20,Mi Lacinia Corp.,Rotorua,odio,396954,41 823
4,Casey Mcclure,379-6433,Etiam.laoreet@massaInteger.net,14/01/20,In Corp.,Whitburn,dapibus ligula. Aliquam erat volutpat. Nulla dignissim. Maecenas ornare,90254,97 949
5,Xena Harvey,374-9898,mauris.sit@Integervulputate.org,02/09/19,Non Associates,Folx-les-Caves,enim.,757666,0 111
6,Zena Lindsay,1-137-787-9557,mi@orciPhasellus.edu,09/12/19,Mus Incorporated,Vauda Canavese,elementum,50 379,31768
7,Reagan Hardin,,,,,,penatibus et magnis dis parturient montes,24 900,54-715
8,Sloane Hansen,,,,,,in lobortis tellus justo sit amet nulla. Donec,810,8 201
9,Kalia Stuart,384-6998,diam.Proin.dolor@malesuadafringilla.ca,08/04/20,Mattis Semper Dui PC,St. Veit an der Glan,tincidunt orci quis lectus. Nullam suscipit,40 264,546621
10,Allistair Carver,1-954-887-7203,tortor@nonummyipsumnon.edu,02/04/21,Nunc Associates,Poggiorsini,Nunc ut erat. Sed nunc est,99 896,45371-158
11,Dale Carlson,1-690-992-3267,malesuada@mi.net,12/04/20,Nec Diam Duis Foundation,Luik,vehicula et,76923-138,29 143
12,Alika Shannon,723-8697,egestas.Sed@magna.co.uk,09/12/19,Aliquam Auctor Company,Sainte-Flavie,mi felis,847061,32 589
13,Claudia Stafford,911-9840,velit@Maurisvel.co.uk,19/08/20,Fringilla Foundation,Fuenlabrada,varius ultrices,27 818,33022
14,Skyler Preston,1-394-288-6384,dapibus.quam.quis@Sedneque.edu,14/12/20,Interdum Nunc Consulting,San Diego,a felis ullamcorper viverra. Maecenas iaculis aliquet diam. Sed,Z1286,6 997
15,Lamar Moran,1-931-363-8518,,,,,quam dignissim,555662,67 061
16,Avram Mullins,411-1072,,,,,blandit enim consequat purus. Maecenas libero est,27 290,38203
17,Deirdre English,656-2677,,,,,Morbi accumsan,35337,49 536
18,Yuri Vega,697-1330,,,,,mauris ipsum porta elit,56 835,2815
19,Alec Santana,224-4561,odio.semper@necmetus.net,29/11/20,Ridiculus Mus PC,Swan Hill,tortor,26634,85 767
20,Alvin Cooke,520-7596,libero@Proinnislsem.org,30/08/19,Arcu Associates,Arica,Nulla eget metus eu erat semper rutrum. Fusce dolor,7545,68 827
21,Byron Faulkner,305-6448,ornare.facilisis@magnaSedeu.com,19/10/19,Dui Fusce LLC,Stourbridge,non magna. Nam,32531,3 826
22,Sydnee Banks,436-6260,In.condimentum.Donec@velit.co.uk,15/04/20,Duis Ltd,,,,
23,Lamar Stanton,1-543-416-2813,sagittis.Nullam.vitae@Aliquamerat.net,25/05/21,Tristique Senectus LLP,,,,
24,Jillian Ford,693-3360,dictum.placerat@Suspendisse.ca,01/08/19,Nunc Sollicitudin Commodo Inc.,,,,
25,Craig Mccormick,508-6273,leo.Cras.vehicula@Crassed.co.uk,08/07/19,Proin Vel Nisl Limited,,,,
26,Ori Dotson,1-854-391-8561,ut.pellentesque@convallisconvallisdolor.org,03/09/20,Amet Consectetuer Incorporated,Enns,hymenaeos. Mauris ut quam vel sapien imperdiet ornare.,1562,79 930
27,Nash Prince,1-712-769-4148,nisl@In.co.uk,31/05/21,Diam Dictum LLC,Sterling Heights,non,63 681,8438
28,Ashton Ballard,349-1933,orci.adipiscing@liberoat.com,21/07/19,Sed Limited,Alandur,dis parturient montes,97 996,2305
29,Kylie Beasley,1-114-572-5445,euismod.in@consectetuereuismodest.com,29/07/20,Enim Curabitur PC,Liers,ac orci. Ut semper pretium neque.,29709,12 582
30,Gil Hooper,329-7884,Vivamus.euismod@morbi.net,,,,metus urna,80232,4 245
31,Elmo Marquez,447-0958,a.malesuada@Donecsollicitudinadipiscing.org,,,,Etiam gravida molestie arcu. Sed,60409,94 225
32,Fuller Hicks,955-8184,feugiat@rutrumeuultrices.org,,,,arcu. Sed eu,36-446,99 716
33,Barbara Middleton,1-225-207-0929,diam.at.pretium@sitamet.ca,02/02/20,Turpis Limited,Kitzbühel,Vivamus euismod,5672,25 089
34,Daryl Gilbert,1-695-170-1456,a.aliquet.vel@at.ca,15/06/21,Vitae Diam Consulting,Lint,accumsan neque et nunc. Quisque ornare tortor at,T41 6VX,62 828
35,Sage Marks,1-707-144-3490,facilisis.eget@purusgravida.co.uk,09/10/19,Molestie Sodales Mauris Company,Duncan,Vivamus non lorem,80617-589,80 043
36,Isabelle Turner,1-435-371-9917,ac.libero@semper.com,16/01/21,Ultricies Ligula Company,Morro d'Alba,Integer in magna. Phasellus dolor elit,47031-674,80 043
37,Brian Lester,1-393-459-8345,amet.consectetuer@Phasellusat.org,25/03/21,Eget Corporation,Saint-Dié-des-Vosges,nunc,5577,69 525
38,Violet Mcleod,803-1181,mauris.Morbi.non@nonleo.co.uk,15/01/21,Tristique Senectus PC,La Pintana,pellentesque massa lobortis ultrices. Vivamus rhoncus. Donec est.,16619,96 847
39,Illana Perry,517-3830,et@consequatauctornunc.com,02/08/19,Arcu Vestibulum Ut Incorporated,Paredones,accumsan neque et nunc. Quisque ornare tortor at risus.,4362,88 563
40,Whoopi Henderson,869-6420,porttitor.scelerisque@placerat.edu,07/05/20,Tellus Justo Sit Limited,Saint-Jean-Geest,venenatis a,56 824,20850
41,Lillith Whitney,478-0790,tortor.at@tristique.edu,03/07/19,Ligula Aenean Ltd,Pepingen,Mauris molestie pharetra nibh.,93289,61 315
42,Tiger Pearson,332-2837,Donec.tempus.lorem@posuere.net,10/05/20,Proin Nisl Sem LLP,Banff,cursus in,51 295,1968
43,Kirby Lara,1-510-626-2153,non.hendrerit@lectus.org,25/05/20,Ligula Aliquam Company,Temploux,facilisis. Suspendisse commodo tincidunt nibh. Phasellus,23687,76 799
44,Farrah Jimenez,1-396-969-0468,Aliquam@sagittislobortismauris.ca,25/03/20,Diam Lorem Corp.,Motherwell,neque venenatis lacus.,8360,57 315
45,Reagan Jacobs,844-3247,egestas@Quisquetincidunt.org,30/07/20,Fusce Ltd,Fort Smith,ante. Nunc,5591,57 476
46,Josephine Stephens,428-0183,Quisque@mauriserateget.net,14/02/20,Nec Tellus Nunc Corp.,Angers,Aliquam adipiscing lobortis risus. In mi,444130,33 720
47,Margaret Harrison,1-367-915-7686,tincidunt@loremauctor.net,27/01/20,Quis Diam Associates,Peñaflor,Ut semper pretium neque.,K8T 7P9,45 360
48,Isabelle Ayers,1-108-246-1455,Aenean.eget.metus@veliteget.edu,26/11/19,,,hendrerit neque. In ornare sagittis felis. Donec tempor,52 221,663269
49,Wing Jennings,1-417-804-3713,ipsum@purussapien.org,25/12/19,,,luctus ut,9528,76 151
50,Vielka Donovan,1-280-430-2809,tincidunt.pede.ac@justonec.org,09/04/21,,,gravida mauris ut,72056,60 190
51,Oren Holden,1-702-632-2451,Nam@Suspendisseseddolor.net,03/08/19,,,Aliquam tincidunt,87531-47435,57 309
52,Jaime Battle,447-1579,Pellentesque@inlobortistellus.net,11/08/19,,,erat. Vivamus nisi. Mauris nulla. Integer urna.,989036,90 509
53,Elijah Ferguson,159-0880,Sed@Aeneaneuismod.com,11/08/19,,,dui. Fusce,L8W 5R8,42 383
54,Wyatt Poole,771-8571,Mauris.vestibulum@adipiscing.com,17/02/20,,,In,77226,21 220
55,Owen Norris,179-7042,ridiculus@a.com,21/03/20,,,vel,23457-09831,85 600
56,Gage Oconnor,1-172-316-6663,lacinia.vitae.sodales@massalobortis.org,25/05/21,,,ligula. Aenean euismod mauris eu,51-227,2 669
57,Channing Carver,332-0673,magnis.dis.parturient@Cum.net,11/02/20,Justo Institute,Leduc,Quisque ac libero,46310-36290,56 123
58,Rhiannon Norman,267-9495,pede.ultrices@nisl.edu,09/04/21,Donec Consectetuer Incorporated,Dorgali,ac,6755,0 046
59,Zia Fletcher,1-702-270-0953,venenatis@est.ca,13/09/19,Ultrices Mauris Ipsum Institute,Saint-Eug�ne-de-Guigues,Cras lorem lorem,32659,61 701
60,Andrew Roach,1-784-208-4169,feugiat.metus@massanon.co.uk,21/12/19,Magna Consulting,Salem,nascetur ridiculus mus. Proin,76693,87 675
61,Regina Crawford,273-4608,sed.sapien@dictum.co.uk,14/05/20,Habitant LLC,Ramsdonk,nisl. Nulla eu neque pellentesque,D3B 3US,34 703
62,Lawrence Welch,641-3150,Aliquam@ipsumsodalespurus.edu,07/01/20,Sodales Foundation,Molfetta,elit,2057,61 442
63,Coby Preston,196-7786,fames.ac.turpis@molestie.org,15/05/21,Sapien Imperdiet Consulting,Tregaron,tristique ac,4412,91 668
64,Kirk Vance,227-9366,magna@Maecenaslibero.edu,05/08/19,Laoreet Limited,Calle Blancos,Aenean euismod mauris eu elit.,9792,17 789
65,Graiden Vazquez,141-0236,a.odio.semper@dui.co.uk,16/09/19,Sed Tortor Foundation,Posina,scelerisque sed,818,19 026
66,Camille Hebert,1-499-350-9563,dui.quis@egetvenenatis.co.uk,10/04/21,Fusce Aliquet Magna Institute,Oostakker,ut odio vel est tempor bibendum. Donec felis orci,60519,64 290
67,Halla Guerrero,410-1949,lobortis.quis.pede@Curabituregestasnunc.edu,24/04/21,Sagittis Industries,Raigarh,turpis,70657-371,60 093
68,Imani Landry,239-5455,Integer.vitae@nullaIn.com,22/12/20,Vitae Semper Egestas Limited,Cercepiccola,scelerisque neque sed sem egestas blandit. Nam nulla magna,1010,68 325
69,Vera Diaz,532-5952,lobortis@scelerisque.com,26/08/19,Dolor Fusce Institute,Tolentino,quis diam luctus lobortis. Class aptent,27231,77 063
70,Patrick Moran,1-575-739-6052,sociosqu.ad.litora@mollisduiin.net,06/10/20,Nunc In At Institute,Meerdonk,mus. Donec,90-239,30 316
71,Cole Bradley,1-689-314-7236,at.augue.id@Ut.com,10/06/21,Duis A Institute,Sant'Agapito,eget,1772,79 103
72,Matthew Vance,1-775-628-3601,,,,,,,70 654
73,Hedwig Morrow,983-7774,augue@anequeNullam.ca,10/01/20,Aliquam Fringilla Cursus Incorporated,Weelde,scelerisque mollis. Phasellus libero mauris,8748,88 016
74,Ryder Little,959-7609,Integer@ipsumporta.edu,24/09/19,Ornare Placerat Orci Consulting,Tuticorin,ridiculus mus. Proin vel arcu eu odio tristique pharetra. Quisque,2114,99 469
75,Kyle Mitchell,1-134-265-0860,consectetuer.mauris@malesuada.ca,06/07/19,Parturient Montes Nascetur Corporation,Dubuisson,et,977307,73 680
76,Brady Reese,1-994-882-3865,risus.Duis.a@ante.co.uk,14/09/20,Vulputate Company,Bundaberg,In lorem. Donec elementum,86574,71 818
77,Jakeem Marsh,1-385-840-9227,luctus.lobortis@velvulputate.co.uk,30/01/20,Consectetuer Ipsum Corporation,Rennes,lacus vestibulum lorem,27679,87 644
78,Lillian Burgess,1-704-644-9266,massa.Vestibulum.accumsan@arcuvelquam.ca,09/05/21,Lacus Pede Corp.,Tame,Integer urna. Vivamus,2027,15 957
79,Wing Conrad,283-6093,Nunc.ullamcorper@nonjustoProin.edu,05/03/21,In Mi PC,Trazegnies,In condimentum. Donec,91336,58 863
80,Rina Weiss,1-455-386-4193,ipsum.dolor@mauris.com,13/08/19,Ultrices Duis Inc.,Boston,dignissim magna,887611,71 691
81,Kristen Calhoun,486-3834,nunc@sodalesMaurisblandit.com,18/09/20,,,,22508,58 801
82,Nathaniel Head,476-9348,dictum@aliquam.net,03/10/20,,,,5859,85 815
83,Dominic Fleming,921-7471,non.arcu.Vivamus@Phasellus.edu,13/10/20,,,,570617,18 442
84,Alfreda Flores,393-0406,ligula.Nullam@luctus.net,25/07/19,,,,17467,82 894
85,Brittany Townsend,1-526-131-3070,molestie.pharetra@facilisis.com,15/09/20,,,,513127,11 967
86,Mohammad Carey,1-902-762-2363,Duis@imperdiet.co.uk,29/05/20,Eu Accumsan Foundation,Candela,non,61390-92483,86 221
87,Whitney Mcgowan,1-821-973-7574,gravida.nunc@dignissimtempor.com,19/08/20,Dolor Vitae Corp.,Lexington,semper erat,47410,76 043
88,Geoffrey Page,702-6470,Fusce@acturpisegestas.edu,07/12/20,Vestibulum Ante Ipsum Associates,Market Drayton,consequat,LL9P 2FR,49 764
89,Amelia Mcfarland,612-8378,sollicitudin@amet.ca,27/06/20,Fames Inc.,Bowling Green,at,848563,66 396
90,Giacomo Farley,393-6778,turpis@semNulla.edu,15/08/20,Maecenas Associates,Mojokerto,ut cursus luctus,2863,27 275
91,Hollee Moreno,1-465-578-9310,leo@vehiculaaliquetlibero.co.uk,05/08/20,Dictum Ltd,Tiltil,commodo at,72458,1 253
92,Hollee Barry,1-897-489-4761,auctor@porttitorscelerisqueneque.org,08/03/21,Justo Inc.,Stirling,sed dictum eleifend,8278,79 352
93,Randall Osborn,1-593-644-6661,turpis.In@loremipsumsodales.co.uk,15/02/21,Justo Eu Arcu Institute,Barrie,montes,H9B 7KG,54 741
94,Blake Cunningham,1-498-142-0107,diam@ac.edu,18/02/21,Et Malesuada Fames Foundation,Dampicourt,et,362,18 375
95,Jasper Holland,511-0884,aliquet.metus@inmolestie.org,09/11/19,Arcu LLP,Flint,rutrum,4936,43 039
96,Shelby Smith,530-8008,blandit.enim@nulla.com,04/08/19,Purus Maecenas Ltd,Jhelum,nec metus facilisis lorem tristique aliquet.,4025,3 149
97,Thor Suarez,1-107-336-8598,,,,,,,18 734
98,Seth Mckenzie,916-6868,,,,,,,64 079
99,Merritt Abbott,1-380-150-9678,Ut.nec.urna@risusDonec.ca,18/10/19,Faucibus Leo Ltd,Teno,ipsum. Phasellus vitae mauris sit amet lorem semper auctor.,69288,30 150
100,Moana Rose,993-8020,lacus.Quisque.purus@Donecluctus.org,28/10/19,Ipsum Dolor Sit Incorporated,Wilmont,nunc. Quisque ornare tortor at risus.,144084,70 291